-- IMPORT ESTESO MODERATO
-- Ogni istruzione INSERT INTO è su una singola riga.

-- =========================
-- TORNEI
-- =========================
INSERT INTO tournament (id, name, year, description) VALUES (5, 'Torneo Primavera Amatori', '2026', 'Competizione primaverile aperta a squadre dilettantistiche.');
INSERT INTO tournament (id, name, year, description) VALUES (6, 'Coppa Capitale Open', '2026', 'Torneo cittadino con fase a gironi e finali.');
INSERT INTO tournament (id, name, year, description) VALUES (7, 'League Città Eterna', '2026', 'Campionato amatoriale con squadre di diverse province.');
INSERT INTO tournament (id, name, year, description) VALUES (8, 'Challenge Milano Sud', '2026', 'Competizione metropolitana dedicata alle squadre locali.');
INSERT INTO tournament (id, name, year, description) VALUES (9, 'Winter Cup Italia Centrale', '2026', 'Torneo stagionale con calendario ridotto e partite equilibrate.');

-- =========================
-- SQUADRE
-- =========================
INSERT INTO team (id, name, foundation_year, city) VALUES (11, 'AS Capitolina', '2018', 'Bologna');
INSERT INTO team (id, name, foundation_year, city) VALUES (12, 'FC Lambrate', '2017', 'Milano');
INSERT INTO team (id, name, foundation_year, city) VALUES (13, 'United Prati', '2014', 'Roma');
INSERT INTO team (id, name, foundation_year, city) VALUES (14, 'Sporting Napoli', '2019', 'Napoli');
INSERT INTO team (id, name, foundation_year, city) VALUES (15, 'Athletic Firenze', '2012', 'Firenze');
INSERT INTO team (id, name, foundation_year, city) VALUES (16, 'Calcio Torino', '2010', 'Torino');
INSERT INTO team (id, name, foundation_year, city) VALUES (17, 'Club Ostiense', '2021', 'Roma');
INSERT INTO team (id, name, foundation_year, city) VALUES (18, 'Academy Perugia', '2016', 'Perugia');
INSERT INTO team (id, name, foundation_year, city) VALUES (19, 'Nova Terni', '2013', 'Terni');
INSERT INTO team (id, name, foundation_year, city) VALUES (20, 'Real Garbatella', '2015', 'Roma');
INSERT INTO team (id, name, foundation_year, city) VALUES (21, 'AS San Siro', '2011', 'Milano');
INSERT INTO team (id, name, foundation_year, city) VALUES (22, 'FC Parioli', '2020', 'Roma');
INSERT INTO team (id, name, foundation_year, city) VALUES (23, 'United Centro Milano', '2014', 'Milano');
INSERT INTO team (id, name, foundation_year, city) VALUES (24, 'Sporting Lambrate', '2018', 'Milano');
INSERT INTO team (id, name, foundation_year, city) VALUES (25, 'Athletic Roma Nord', '2012', 'Roma');
INSERT INTO team (id, name, foundation_year, city) VALUES (26, 'Calcio Eur', '2019', 'Roma');
INSERT INTO team (id, name, foundation_year, city) VALUES (27, 'Club Testaccio', '2017', 'Roma');
INSERT INTO team (id, name, foundation_year, city) VALUES (28, 'Academy Bologna Sud', '2013', 'Bologna');
INSERT INTO team (id, name, foundation_year, city) VALUES (29, 'Nova Napoli Est', '2016', 'Napoli');
INSERT INTO team (id, name, foundation_year, city) VALUES (30, 'Real Città Eterna', '2022', 'Roma');
INSERT INTO team (id, name, foundation_year, city) VALUES (31, 'AS Porta Romana', '2011', 'Milano');
INSERT INTO team (id, name, foundation_year, city) VALUES (32, 'FC Tuscolana', '2015', 'Roma');
INSERT INTO team (id, name, foundation_year, city) VALUES (33, 'United Perugia Street', '2014', 'Perugia');
INSERT INTO team (id, name, foundation_year, city) VALUES (34, 'Sporting Terni Warriors', '2010', 'Terni');
INSERT INTO team (id, name, foundation_year, city) VALUES (35, 'Athletic Flaminio', '2018', 'Roma');
INSERT INTO team (id, name, foundation_year, city) VALUES (36, 'Calcio Brera', '2013', 'Milano');
INSERT INTO team (id, name, foundation_year, city) VALUES (37, 'Club Eur United', '2019', 'Roma');
INSERT INTO team (id, name, foundation_year, city) VALUES (38, 'Academy Navigli', '2017', 'Milano');
INSERT INTO team (id, name, foundation_year, city) VALUES (39, 'Nova Prati', '2016', 'Roma');
INSERT INTO team (id, name, foundation_year, city) VALUES (40, 'Real Bovisa', '2012', 'Milano');

-- =========================
-- RELAZIONI TORNEI-SQUADRE
-- =========================
INSERT INTO tournament_teams (tournament_id, team_id) VALUES (5, 11);
INSERT INTO tournament_teams (tournament_id, team_id) VALUES (5, 12);
INSERT INTO tournament_teams (tournament_id, team_id) VALUES (5, 13);
INSERT INTO tournament_teams (tournament_id, team_id) VALUES (5, 14);
INSERT INTO tournament_teams (tournament_id, team_id) VALUES (5, 15);
INSERT INTO tournament_teams (tournament_id, team_id) VALUES (5, 16);

INSERT INTO tournament_teams (tournament_id, team_id) VALUES (6, 17);
INSERT INTO tournament_teams (tournament_id, team_id) VALUES (6, 18);
INSERT INTO tournament_teams (tournament_id, team_id) VALUES (6, 19);
INSERT INTO tournament_teams (tournament_id, team_id) VALUES (6, 20);
INSERT INTO tournament_teams (tournament_id, team_id) VALUES (6, 21);
INSERT INTO tournament_teams (tournament_id, team_id) VALUES (6, 22);

INSERT INTO tournament_teams (tournament_id, team_id) VALUES (7, 23);
INSERT INTO tournament_teams (tournament_id, team_id) VALUES (7, 24);
INSERT INTO tournament_teams (tournament_id, team_id) VALUES (7, 25);
INSERT INTO tournament_teams (tournament_id, team_id) VALUES (7, 26);
INSERT INTO tournament_teams (tournament_id, team_id) VALUES (7, 27);
INSERT INTO tournament_teams (tournament_id, team_id) VALUES (7, 28);

INSERT INTO tournament_teams (tournament_id, team_id) VALUES (8, 29);
INSERT INTO tournament_teams (tournament_id, team_id) VALUES (8, 30);
INSERT INTO tournament_teams (tournament_id, team_id) VALUES (8, 31);
INSERT INTO tournament_teams (tournament_id, team_id) VALUES (8, 32);
INSERT INTO tournament_teams (tournament_id, team_id) VALUES (8, 33);
INSERT INTO tournament_teams (tournament_id, team_id) VALUES (8, 34);

INSERT INTO tournament_teams (tournament_id, team_id) VALUES (9, 35);
INSERT INTO tournament_teams (tournament_id, team_id) VALUES (9, 36);
INSERT INTO tournament_teams (tournament_id, team_id) VALUES (9, 37);
INSERT INTO tournament_teams (tournament_id, team_id) VALUES (9, 38);
INSERT INTO tournament_teams (tournament_id, team_id) VALUES (9, 39);
INSERT INTO tournament_teams (tournament_id, team_id) VALUES (9, 40);
-- =========================
-- GIOCATORI
-- =========================
INSERT INTO player (id, name, surname, date_of_birth, role, height, team_id) VALUES (41, 'Marco', 'Rossi', '1995-05-15', 'Attaccante', '180', 1);
INSERT INTO player (id, name, surname, date_of_birth, role, height, team_id) VALUES (42, 'Luca', 'Bianchi', '1998-10-22', 'Centrocampista', '175', 1);
INSERT INTO player (id, name, surname, date_of_birth, role, height, team_id) VALUES (43, 'Paolo', 'Verdi', '1992-03-08', 'Difensore', '185', 1);
INSERT INTO player (id, name, surname, date_of_birth, role, height, team_id) VALUES (44, 'Simone', 'Marini', '1996-01-17', 'Portiere', '188', 1);
INSERT INTO player (id, name, surname, date_of_birth, role, height, team_id) VALUES (45, 'Giacomo', 'Neri', '1997-07-11', 'Portiere', '190', 2);
INSERT INTO player (id, name, surname, date_of_birth, role, height, team_id) VALUES (46, 'Andrea', 'Gialli', '1996-12-01', 'Attaccante', '178', 2);
INSERT INTO player (id, name, surname, date_of_birth, role, height, team_id) VALUES (47, 'Matteo', 'Viola', '1999-01-20', 'Centrocampista', '176', 2);
INSERT INTO player (id, name, surname, date_of_birth, role, height, team_id) VALUES (48, 'Daniele', 'Conti', '1994-11-03', 'Difensore', '181', 2);
INSERT INTO player (id, name, surname, date_of_birth, role, height, team_id) VALUES (49, 'Davide', 'Marrone', '1994-08-30', 'Difensore', '182', 3);
INSERT INTO player (id, name, surname, date_of_birth, role, height, team_id) VALUES (50, 'Stefano', 'Blu', '1993-04-14', 'Attaccante', '184', 3);
INSERT INTO player (id, name, surname, date_of_birth, role, height, team_id) VALUES (51, 'Roberto', 'Arancioni', '1991-09-25', 'Portiere', '188', 3);
INSERT INTO player (id, name, surname, date_of_birth, role, height, team_id) VALUES (52, 'Cristian', 'Seri', '1998-06-19', 'Centrocampista', '177', 3);
INSERT INTO player (id, name, surname, date_of_birth, role, height, team_id) VALUES (53, 'Alessandro', 'Celesti', '1995-11-05', 'Centrocampista', '179', 4);
INSERT INTO player (id, name, surname, date_of_birth, role, height, team_id) VALUES (54, 'Enrico', 'Rosa', '1998-02-18', 'Difensore', '181', 4);
INSERT INTO player (id, name, surname, date_of_birth, role, height, team_id) VALUES (55, 'Federico', 'Grigi', '1997-06-09', 'Attaccante', '183', 4);
INSERT INTO player (id, name, surname, date_of_birth, role, height, team_id) VALUES (56, 'Tommaso', 'Ricci', '1996-09-27', 'Portiere', '186', 4);
INSERT INTO player (id, name, surname, date_of_birth, role, height, team_id) VALUES (57, 'Fabio', 'Esposito', '1994-03-13', 'Attaccante', '181', 5);
INSERT INTO player (id, name, surname, date_of_birth, role, height, team_id) VALUES (58, 'Leonardo', 'Gentili', '1997-08-08', 'Centrocampista', '174', 5);
INSERT INTO player (id, name, surname, date_of_birth, role, height, team_id) VALUES (59, 'Riccardo', 'Palmieri', '1993-12-29', 'Difensore', '183', 5);
INSERT INTO player (id, name, surname, date_of_birth, role, height, team_id) VALUES (60, 'Nicolo', 'Moretti', '1999-02-02', 'Portiere', '189', 5);
INSERT INTO player (id, name, surname, date_of_birth, role, height, team_id) VALUES (61, 'Emanuele', 'De Luca', '1995-07-21', 'Difensore', '180', 6);
INSERT INTO player (id, name, surname, date_of_birth, role, height, team_id) VALUES (62, 'Francesco', 'Rinaldi', '1992-05-09', 'Attaccante', '182', 6);
INSERT INTO player (id, name, surname, date_of_birth, role, height, team_id) VALUES (63, 'Lorenzo', 'Testa', '1998-01-15', 'Centrocampista', '176', 6);
INSERT INTO player (id, name, surname, date_of_birth, role, height, team_id) VALUES (64, 'Marco', 'Sanna', '1996-04-25', 'Portiere', '187', 6);
INSERT INTO player (id, name, surname, date_of_birth, role, height, team_id) VALUES (65, 'Andrea', 'Longhi', '1994-10-10', 'Attaccante', '179', 7);
INSERT INTO player (id, name, surname, date_of_birth, role, height, team_id) VALUES (66, 'Gabriele', 'Villa', '1993-06-22', 'Difensore', '184', 7);
INSERT INTO player (id, name, surname, date_of_birth, role, height, team_id) VALUES (67, 'Samuele', 'Orsi', '1997-09-14', 'Centrocampista', '178', 7);
INSERT INTO player (id, name, surname, date_of_birth, role, height, team_id) VALUES (68, 'Pietro', 'Fontana', '1995-12-30', 'Portiere', '190', 7);
INSERT INTO player (id, name, surname, date_of_birth, role, height, team_id) VALUES (69, 'Michele', 'Ferretti', '1998-02-11', 'Attaccante', '177', 8);
INSERT INTO player (id, name, surname, date_of_birth, role, height, team_id) VALUES (70, 'Davide', 'Guerra', '1996-03-16', 'Difensore', '182', 8);
INSERT INTO player (id, name, surname, date_of_birth, role, height, team_id) VALUES (71, 'Filippo', 'Leone', '1994-07-07', 'Centrocampista', '175', 8);
INSERT INTO player (id, name, surname, date_of_birth, role, height, team_id) VALUES (72, 'Alberto', 'Corsi', '1992-01-28', 'Portiere', '188', 8);
INSERT INTO player (id, name, surname, date_of_birth, role, height, team_id) VALUES (73, 'Massimo', 'Donati', '1991-08-18', 'Attaccante', '181', 9);
INSERT INTO player (id, name, surname, date_of_birth, role, height, team_id) VALUES (74, 'Claudio', 'Fiore', '1995-11-12', 'Centrocampista', '176', 9);
INSERT INTO player (id, name, surname, date_of_birth, role, height, team_id) VALUES (75, 'Vincenzo', 'Carli', '1993-05-04', 'Difensore', '184', 9);
INSERT INTO player (id, name, surname, date_of_birth, role, height, team_id) VALUES (76, 'Mirko', 'Landi', '1997-10-09', 'Portiere', '189', 9);
INSERT INTO player (id, name, surname, date_of_birth, role, height, team_id) VALUES (77, 'Salvatore', 'Greco', '1992-04-01', 'Attaccante', '183', 10);
INSERT INTO player (id, name, surname, date_of_birth, role, height, team_id) VALUES (78, 'Ivan', 'Pellegrini', '1998-06-26', 'Centrocampista', '178', 10);
INSERT INTO player (id, name, surname, date_of_birth, role, height, team_id) VALUES (79, 'Giorgio', 'Mancini', '1994-09-05', 'Difensore', '185', 10);
INSERT INTO player (id, name, surname, date_of_birth, role, height, team_id) VALUES (80, 'Matias', 'Riva', '1996-12-17', 'Portiere', '187', 10);
INSERT INTO player (id, name, surname, date_of_birth, role, height, team_id) VALUES (81, 'Antonio', 'Rossi', '1995-05-15', 'Centrocampista', '180', 11);
INSERT INTO player (id, name, surname, date_of_birth, role, height, team_id) VALUES (82, 'Pietro', 'Bianchi', '1998-10-22', 'Difensore', '175', 11);
INSERT INTO player (id, name, surname, date_of_birth, role, height, team_id) VALUES (83, 'Marco', 'Verdi', '1992-03-08', 'Portiere', '185', 11);
INSERT INTO player (id, name, surname, date_of_birth, role, height, team_id) VALUES (84, 'Luca', 'Marini', '1996-01-17', 'Attaccante', '188', 11);
INSERT INTO player (id, name, surname, date_of_birth, role, height, team_id) VALUES (85, 'Davide', 'Neri', '1997-07-11', 'Centrocampista', '190', 11);
INSERT INTO player (id, name, surname, date_of_birth, role, height, team_id) VALUES (86, 'Federico', 'Conti', '1996-12-01', 'Difensore', '178', 11);
INSERT INTO player (id, name, surname, date_of_birth, role, height, team_id) VALUES (87, 'Stefano', 'Marrone', '1999-01-20', 'Portiere', '176', 12);
INSERT INTO player (id, name, surname, date_of_birth, role, height, team_id) VALUES (88, 'Gabriele', 'Blu', '1994-11-03', 'Attaccante', '181', 12);
INSERT INTO player (id, name, surname, date_of_birth, role, height, team_id) VALUES (89, 'Simone', 'Arancioni', '1994-08-30', 'Centrocampista', '182', 12);
INSERT INTO player (id, name, surname, date_of_birth, role, height, team_id) VALUES (90, 'Francesco', 'Seri', '1993-04-14', 'Difensore', '184', 12);
INSERT INTO player (id, name, surname, date_of_birth, role, height, team_id) VALUES (91, 'Giacomo', 'Celesti', '1991-09-25', 'Portiere', '188', 12);
INSERT INTO player (id, name, surname, date_of_birth, role, height, team_id) VALUES (92, 'Andrea', 'Rosa', '1998-06-19', 'Attaccante', '177', 12);
INSERT INTO player (id, name, surname, date_of_birth, role, height, team_id) VALUES (93, 'Matteo', 'Grigi', '1995-11-05', 'Centrocampista', '179', 13);
INSERT INTO player (id, name, surname, date_of_birth, role, height, team_id) VALUES (94, 'Daniele', 'Ricci', '1998-02-18', 'Difensore', '181', 13);
INSERT INTO player (id, name, surname, date_of_birth, role, height, team_id) VALUES (95, 'Davide', 'Esposito', '1997-06-09', 'Portiere', '183', 13);
INSERT INTO player (id, name, surname, date_of_birth, role, height, team_id) VALUES (96, 'Paolo', 'Gentili', '1996-09-27', 'Attaccante', '186', 13);
INSERT INTO player (id, name, surname, date_of_birth, role, height, team_id) VALUES (97, 'Leonardo', 'Palmieri', '1994-03-13', 'Centrocampista', '181', 13);
INSERT INTO player (id, name, surname, date_of_birth, role, height, team_id) VALUES (98, 'Fabio', 'Moretti', '1997-08-08', 'Difensore', '174', 13);
INSERT INTO player (id, name, surname, date_of_birth, role, height, team_id) VALUES (99, 'Nicola', 'De Luca', '1999-10-22', 'Portiere', '190', 14);
INSERT INTO player (id, name, surname, date_of_birth, role, height, team_id) VALUES (100, 'Emanuele', 'Rinaldi', '1992-07-03', 'Attaccante', '179', 14);
INSERT INTO player (id, name, surname, date_of_birth, role, height, team_id) VALUES (101, 'Marco', 'Testa', '1995-01-15', 'Centrocampista', '176', 14);
INSERT INTO player (id, name, surname, date_of_birth, role, height, team_id) VALUES (102, 'Lorenzo', 'Sanna', '1998-04-25', 'Difensore', '187', 14);
INSERT INTO player (id, name, surname, date_of_birth, role, height, team_id) VALUES (103, 'Alessandro', 'Longhi', '1994-10-10', 'Attaccante', '179', 14);
INSERT INTO player (id, name, surname, date_of_birth, role, height, team_id) VALUES (104, 'Gabriele', 'Villa', '1993-06-22', 'Portiere', '184', 14);
INSERT INTO player (id, name, surname, date_of_birth, role, height, team_id) VALUES (105, 'Simone', 'Orsi', '1997-09-14', 'Centrocampista', '178', 15);
INSERT INTO player (id, name, surname, date_of_birth, role, height, team_id) VALUES (106, 'Pietro', 'Fontana', '1995-12-30', 'Difensore', '190', 15);
INSERT INTO player (id, name, surname, date_of_birth, role, height, team_id) VALUES (107, 'Michele', 'Ferretti', '1998-02-11', 'Portiere', '177', 15);
INSERT INTO player (id, name, surname, date_of_birth, role, height, team_id) VALUES (108, 'Davide', 'Guerra', '1996-03-16', 'Attaccante', '182', 15);
INSERT INTO player (id, name, surname, date_of_birth, role, height, team_id) VALUES (109, 'Filippo', 'Leone', '1994-07-07', 'Centrocampista', '175', 15);
INSERT INTO player (id, name, surname, date_of_birth, role, height, team_id) VALUES (110, 'Alberto', 'Corsi', '1992-01-28', 'Difensore', '188', 15);
INSERT INTO player (id, name, surname, date_of_birth, role, height, team_id) VALUES (111, 'Massimo', 'Donati', '1991-08-18', 'Attaccante', '181', 16);
INSERT INTO player (id, name, surname, date_of_birth, role, height, team_id) VALUES (112, 'Claudio', 'Fiore', '1995-11-12', 'Centrocampista', '176', 16);
INSERT INTO player (id, name, surname, date_of_birth, role, height, team_id) VALUES (113, 'Vincenzo', 'Carli', '1993-05-04', 'Difensore', '184', 16);
INSERT INTO player (id, name, surname, date_of_birth, role, height, team_id) VALUES (114, 'Mirko', 'Landi', '1997-10-09', 'Portiere', '189', 16);
INSERT INTO player (id, name, surname, date_of_birth, role, height, team_id) VALUES (115, 'Salvatore', 'Greco', '1992-04-01', 'Attaccante', '183', 16);
INSERT INTO player (id, name, surname, date_of_birth, role, height, team_id) VALUES (116, 'Ivan', 'Pellegrini', '1998-06-26', 'Centrocampista', '178', 16);
INSERT INTO player (id, name, surname, date_of_birth, role, height, team_id) VALUES (117, 'Giorgio', 'Mancini', '1994-09-05', 'Difensore', '185', 17);
INSERT INTO player (id, name, surname, date_of_birth, role, height, team_id) VALUES (118, 'Matias', 'Riva', '1996-12-17', 'Portiere', '187', 17);
INSERT INTO player (id, name, surname, date_of_birth, role, height, team_id) VALUES (119, 'Antonio', 'Rossi', '1995-05-15', 'Centrocampista', '180', 17);
INSERT INTO player (id, name, surname, date_of_birth, role, height, team_id) VALUES (120, 'Pietro', 'Bianchi', '1998-10-22', 'Difensore', '175', 17);
INSERT INTO player (id, name, surname, date_of_birth, role, height, team_id) VALUES (121, 'Marco', 'Verdi', '1992-03-08', 'Portiere', '185', 17);
INSERT INTO player (id, name, surname, date_of_birth, role, height, team_id) VALUES (122, 'Luca', 'Marini', '1996-01-17', 'Attaccante', '188', 17);
INSERT INTO player (id, name, surname, date_of_birth, role, height, team_id) VALUES (123, 'Davide', 'Neri', '1997-07-11', 'Centrocampista', '190', 18);
INSERT INTO player (id, name, surname, date_of_birth, role, height, team_id) VALUES (124, 'Federico', 'Conti', '1996-12-01', 'Difensore', '178', 18);
INSERT INTO player (id, name, surname, date_of_birth, role, height, team_id) VALUES (125, 'Stefano', 'Marrone', '1999-01-20', 'Portiere', '176', 18);
INSERT INTO player (id, name, surname, date_of_birth, role, height, team_id) VALUES (126, 'Gabriele', 'Blu', '1994-11-03', 'Attaccante', '181', 18);
INSERT INTO player (id, name, surname, date_of_birth, role, height, team_id) VALUES (127, 'Simone', 'Arancioni', '1994-08-30', 'Centrocampista', '182', 18);
INSERT INTO player (id, name, surname, date_of_birth, role, height, team_id) VALUES (128, 'Francesco', 'Seri', '1993-04-14', 'Difensore', '184', 18);
INSERT INTO player (id, name, surname, date_of_birth, role, height, team_id) VALUES (129, 'Giacomo', 'Celesti', '1991-09-25', 'Portiere', '188', 19);
INSERT INTO player (id, name, surname, date_of_birth, role, height, team_id) VALUES (130, 'Andrea', 'Rosa', '1998-06-19', 'Attaccante', '177', 19);
INSERT INTO player (id, name, surname, date_of_birth, role, height, team_id) VALUES (131, 'Matteo', 'Grigi', '1995-11-05', 'Centrocampista', '179', 19);
INSERT INTO player (id, name, surname, date_of_birth, role, height, team_id) VALUES (132, 'Daniele', 'Ricci', '1998-02-18', 'Difensore', '181', 19);
INSERT INTO player (id, name, surname, date_of_birth, role, height, team_id) VALUES (133, 'Davide', 'Esposito', '1997-06-09', 'Portiere', '183', 19);
INSERT INTO player (id, name, surname, date_of_birth, role, height, team_id) VALUES (134, 'Paolo', 'Gentili', '1996-09-27', 'Attaccante', '186', 19);
INSERT INTO player (id, name, surname, date_of_birth, role, height, team_id) VALUES (135, 'Leonardo', 'Palmieri', '1994-03-13', 'Centrocampista', '181', 20);
INSERT INTO player (id, name, surname, date_of_birth, role, height, team_id) VALUES (136, 'Fabio', 'Moretti', '1997-08-08', 'Difensore', '174', 20);
INSERT INTO player (id, name, surname, date_of_birth, role, height, team_id) VALUES (137, 'Nicola', 'De Luca', '1999-10-22', 'Portiere', '190', 20);
INSERT INTO player (id, name, surname, date_of_birth, role, height, team_id) VALUES (138, 'Emanuele', 'Rinaldi', '1992-07-03', 'Attaccante', '179', 20);
INSERT INTO player (id, name, surname, date_of_birth, role, height, team_id) VALUES (139, 'Marco', 'Testa', '1995-01-15', 'Centrocampista', '176', 20);
INSERT INTO player (id, name, surname, date_of_birth, role, height, team_id) VALUES (140, 'Lorenzo', 'Sanna', '1998-04-25', 'Difensore', '187', 20);
INSERT INTO player (id, name, surname, date_of_birth, role, height, team_id) VALUES (141, 'Alessandro', 'Longhi', '1994-10-10', 'Attaccante', '179', 21);
INSERT INTO player (id, name, surname, date_of_birth, role, height, team_id) VALUES (142, 'Gabriele', 'Villa', '1993-06-22', 'Portiere', '184', 21);
INSERT INTO player (id, name, surname, date_of_birth, role, height, team_id) VALUES (143, 'Simone', 'Orsi', '1997-09-14', 'Centrocampista', '178', 21);
INSERT INTO player (id, name, surname, date_of_birth, role, height, team_id) VALUES (144, 'Pietro', 'Fontana', '1995-12-30', 'Difensore', '190', 21);
INSERT INTO player (id, name, surname, date_of_birth, role, height, team_id) VALUES (145, 'Michele', 'Ferretti', '1998-02-11', 'Portiere', '177', 21);
INSERT INTO player (id, name, surname, date_of_birth, role, height, team_id) VALUES (146, 'Davide', 'Guerra', '1996-03-16', 'Attaccante', '182', 21);
INSERT INTO player (id, name, surname, date_of_birth, role, height, team_id) VALUES (147, 'Filippo', 'Leone', '1994-07-07', 'Centrocampista', '175', 22);
INSERT INTO player (id, name, surname, date_of_birth, role, height, team_id) VALUES (148, 'Alberto', 'Corsi', '1992-01-28', 'Difensore', '188', 22);
INSERT INTO player (id, name, surname, date_of_birth, role, height, team_id) VALUES (149, 'Massimo', 'Donati', '1991-08-18', 'Attaccante', '181', 22);
INSERT INTO player (id, name, surname, date_of_birth, role, height, team_id) VALUES (150, 'Claudio', 'Fiore', '1995-11-12', 'Centrocampista', '176', 22);
INSERT INTO player (id, name, surname, date_of_birth, role, height, team_id) VALUES (151, 'Vincenzo', 'Carli', '1993-05-04', 'Difensore', '184', 22);
INSERT INTO player (id, name, surname, date_of_birth, role, height, team_id) VALUES (152, 'Mirko', 'Landi', '1997-10-09', 'Portiere', '189', 22);
INSERT INTO player (id, name, surname, date_of_birth, role, height, team_id) VALUES (153, 'Salvatore', 'Greco', '1992-04-01', 'Attaccante', '183', 23);
INSERT INTO player (id, name, surname, date_of_birth, role, height, team_id) VALUES (154, 'Ivan', 'Pellegrini', '1998-06-26', 'Centrocampista', '178', 23);
INSERT INTO player (id, name, surname, date_of_birth, role, height, team_id) VALUES (155, 'Giorgio', 'Mancini', '1994-09-05', 'Difensore', '185', 23);
INSERT INTO player (id, name, surname, date_of_birth, role, height, team_id) VALUES (156, 'Matias', 'Riva', '1996-12-17', 'Portiere', '187', 23);
INSERT INTO player (id, name, surname, date_of_birth, role, height, team_id) VALUES (157, 'Antonio', 'Rossi', '1995-05-15', 'Centrocampista', '180', 23);
INSERT INTO player (id, name, surname, date_of_birth, role, height, team_id) VALUES (158, 'Pietro', 'Bianchi', '1998-10-22', 'Difensore', '175', 23);
INSERT INTO player (id, name, surname, date_of_birth, role, height, team_id) VALUES (159, 'Marco', 'Verdi', '1992-03-08', 'Portiere', '185', 24);
INSERT INTO player (id, name, surname, date_of_birth, role, height, team_id) VALUES (160, 'Luca', 'Marini', '1996-01-17', 'Attaccante', '188', 24);
INSERT INTO player (id, name, surname, date_of_birth, role, height, team_id) VALUES (161, 'Davide', 'Neri', '1997-07-11', 'Centrocampista', '190', 24);
INSERT INTO player (id, name, surname, date_of_birth, role, height, team_id) VALUES (162, 'Federico', 'Conti', '1996-12-01', 'Difensore', '178', 24);
INSERT INTO player (id, name, surname, date_of_birth, role, height, team_id) VALUES (163, 'Stefano', 'Marrone', '1999-01-20', 'Portiere', '176', 24);
INSERT INTO player (id, name, surname, date_of_birth, role, height, team_id) VALUES (164, 'Gabriele', 'Blu', '1994-11-03', 'Attaccante', '181', 24);
INSERT INTO player (id, name, surname, date_of_birth, role, height, team_id) VALUES (165, 'Simone', 'Arancioni', '1994-08-30', 'Centrocampista', '182', 25);
INSERT INTO player (id, name, surname, date_of_birth, role, height, team_id) VALUES (166, 'Francesco', 'Seri', '1993-04-14', 'Difensore', '184', 25);
INSERT INTO player (id, name, surname, date_of_birth, role, height, team_id) VALUES (167, 'Giacomo', 'Celesti', '1991-09-25', 'Portiere', '188', 25);
INSERT INTO player (id, name, surname, date_of_birth, role, height, team_id) VALUES (168, 'Andrea', 'Rosa', '1998-06-19', 'Attaccante', '177', 25);
INSERT INTO player (id, name, surname, date_of_birth, role, height, team_id) VALUES (169, 'Matteo', 'Grigi', '1995-11-05', 'Centrocampista', '179', 25);
INSERT INTO player (id, name, surname, date_of_birth, role, height, team_id) VALUES (170, 'Daniele', 'Ricci', '1998-02-18', 'Difensore', '181', 25);
INSERT INTO player (id, name, surname, date_of_birth, role, height, team_id) VALUES (171, 'Davide', 'Esposito', '1997-06-09', 'Portiere', '183', 26);
INSERT INTO player (id, name, surname, date_of_birth, role, height, team_id) VALUES (172, 'Paolo', 'Gentili', '1996-09-27', 'Attaccante', '186', 26);
INSERT INTO player (id, name, surname, date_of_birth, role, height, team_id) VALUES (173, 'Leonardo', 'Palmieri', '1994-03-13', 'Centrocampista', '181', 26);
INSERT INTO player (id, name, surname, date_of_birth, role, height, team_id) VALUES (174, 'Fabio', 'Moretti', '1997-08-08', 'Difensore', '174', 26);
INSERT INTO player (id, name, surname, date_of_birth, role, height, team_id) VALUES (175, 'Nicola', 'De Luca', '1999-10-22', 'Portiere', '190', 26);
INSERT INTO player (id, name, surname, date_of_birth, role, height, team_id) VALUES (176, 'Emanuele', 'Rinaldi', '1992-07-03', 'Attaccante', '179', 26);
INSERT INTO player (id, name, surname, date_of_birth, role, height, team_id) VALUES (177, 'Marco', 'Testa', '1995-01-15', 'Centrocampista', '176', 27);
INSERT INTO player (id, name, surname, date_of_birth, role, height, team_id) VALUES (178, 'Lorenzo', 'Sanna', '1998-04-25', 'Difensore', '187', 27);
INSERT INTO player (id, name, surname, date_of_birth, role, height, team_id) VALUES (179, 'Alessandro', 'Longhi', '1994-10-10', 'Attaccante', '179', 27);
INSERT INTO player (id, name, surname, date_of_birth, role, height, team_id) VALUES (180, 'Gabriele', 'Villa', '1993-06-22', 'Portiere', '184', 27);
INSERT INTO player (id, name, surname, date_of_birth, role, height, team_id) VALUES (181, 'Simone', 'Orsi', '1997-09-14', 'Centrocampista', '178', 27);
INSERT INTO player (id, name, surname, date_of_birth, role, height, team_id) VALUES (182, 'Pietro', 'Fontana', '1995-12-30', 'Difensore', '190', 27);
INSERT INTO player (id, name, surname, date_of_birth, role, height, team_id) VALUES (183, 'Michele', 'Ferretti', '1998-02-11', 'Portiere', '177', 28);
INSERT INTO player (id, name, surname, date_of_birth, role, height, team_id) VALUES (184, 'Davide', 'Guerra', '1996-03-16', 'Attaccante', '182', 28);
INSERT INTO player (id, name, surname, date_of_birth, role, height, team_id) VALUES (185, 'Filippo', 'Leone', '1994-07-07', 'Centrocampista', '175', 28);
INSERT INTO player (id, name, surname, date_of_birth, role, height, team_id) VALUES (186, 'Alberto', 'Corsi', '1992-01-28', 'Difensore', '188', 28);
INSERT INTO player (id, name, surname, date_of_birth, role, height, team_id) VALUES (187, 'Massimo', 'Donati', '1991-08-18', 'Attaccante', '181', 28);
INSERT INTO player (id, name, surname, date_of_birth, role, height, team_id) VALUES (188, 'Claudio', 'Fiore', '1995-11-12', 'Portiere', '176', 28);
INSERT INTO player (id, name, surname, date_of_birth, role, height, team_id) VALUES (189, 'Vincenzo', 'Carli', '1993-05-04', 'Difensore', '184', 29);
INSERT INTO player (id, name, surname, date_of_birth, role, height, team_id) VALUES (190, 'Mirko', 'Landi', '1997-10-09', 'Attaccante', '189', 29);
INSERT INTO player (id, name, surname, date_of_birth, role, height, team_id) VALUES (191, 'Salvatore', 'Greco', '1992-04-01', 'Centrocampista', '183', 29);
INSERT INTO player (id, name, surname, date_of_birth, role, height, team_id) VALUES (192, 'Ivan', 'Pellegrini', '1998-06-26', 'Portiere', '178', 29);
INSERT INTO player (id, name, surname, date_of_birth, role, height, team_id) VALUES (193, 'Giorgio', 'Mancini', '1994-09-05', 'Difensore', '185', 29);
INSERT INTO player (id, name, surname, date_of_birth, role, height, team_id) VALUES (194, 'Matias', 'Riva', '1996-12-17', 'Attaccante', '187', 29);
INSERT INTO player (id, name, surname, date_of_birth, role, height, team_id) VALUES (195, 'Antonio', 'Rossi', '1995-05-15', 'Centrocampista', '180', 30);
INSERT INTO player (id, name, surname, date_of_birth, role, height, team_id) VALUES (196, 'Pietro', 'Bianchi', '1998-10-22', 'Difensore', '175', 30);
INSERT INTO player (id, name, surname, date_of_birth, role, height, team_id) VALUES (197, 'Marco', 'Verdi', '1992-03-08', 'Portiere', '185', 30);
INSERT INTO player (id, name, surname, date_of_birth, role, height, team_id) VALUES (198, 'Luca', 'Marini', '1996-01-17', 'Attaccante', '188', 30);
INSERT INTO player (id, name, surname, date_of_birth, role, height, team_id) VALUES (199, 'Davide', 'Neri', '1997-07-11', 'Centrocampista', '190', 30);
INSERT INTO player (id, name, surname, date_of_birth, role, height, team_id) VALUES (200, 'Federico', 'Conti', '1996-12-01', 'Difensore', '178', 30);
INSERT INTO player (id, name, surname, date_of_birth, role, height, team_id) VALUES (201, 'Stefano', 'Marrone', '1999-01-20', 'Portiere', '176', 31);
INSERT INTO player (id, name, surname, date_of_birth, role, height, team_id) VALUES (202, 'Gabriele', 'Blu', '1994-11-03', 'Attaccante', '181', 31);
INSERT INTO player (id, name, surname, date_of_birth, role, height, team_id) VALUES (203, 'Simone', 'Arancioni', '1994-08-30', 'Centrocampista', '182', 31);
INSERT INTO player (id, name, surname, date_of_birth, role, height, team_id) VALUES (204, 'Francesco', 'Seri', '1993-04-14', 'Difensore', '184', 31);
INSERT INTO player (id, name, surname, date_of_birth, role, height, team_id) VALUES (205, 'Giacomo', 'Celesti', '1991-09-25', 'Portiere', '188', 31);
INSERT INTO player (id, name, surname, date_of_birth, role, height, team_id) VALUES (206, 'Andrea', 'Rosa', '1998-06-19', 'Attaccante', '177', 31);
INSERT INTO player (id, name, surname, date_of_birth, role, height, team_id) VALUES (207, 'Matteo', 'Grigi', '1995-11-05', 'Centrocampista', '179', 32);
INSERT INTO player (id, name, surname, date_of_birth, role, height, team_id) VALUES (208, 'Daniele', 'Ricci', '1998-02-18', 'Difensore', '181', 32);
INSERT INTO player (id, name, surname, date_of_birth, role, height, team_id) VALUES (209, 'Davide', 'Esposito', '1997-06-09', 'Portiere', '183', 32);
INSERT INTO player (id, name, surname, date_of_birth, role, height, team_id) VALUES (210, 'Paolo', 'Gentili', '1996-09-27', 'Attaccante', '186', 32);
INSERT INTO player (id, name, surname, date_of_birth, role, height, team_id) VALUES (211, 'Leonardo', 'Palmieri', '1994-03-13', 'Centrocampista', '181', 32);
INSERT INTO player (id, name, surname, date_of_birth, role, height, team_id) VALUES (212, 'Fabio', 'Moretti', '1997-08-08', 'Difensore', '174', 32);
INSERT INTO player (id, name, surname, date_of_birth, role, height, team_id) VALUES (213, 'Nicola', 'De Luca', '1999-10-22', 'Portiere', '190', 33);
INSERT INTO player (id, name, surname, date_of_birth, role, height, team_id) VALUES (214, 'Emanuele', 'Rinaldi', '1992-07-03', 'Attaccante', '179', 33);
INSERT INTO player (id, name, surname, date_of_birth, role, height, team_id) VALUES (215, 'Marco', 'Testa', '1995-01-15', 'Centrocampista', '176', 33);
INSERT INTO player (id, name, surname, date_of_birth, role, height, team_id) VALUES (216, 'Lorenzo', 'Sanna', '1998-04-25', 'Difensore', '187', 33);
INSERT INTO player (id, name, surname, date_of_birth, role, height, team_id) VALUES (217, 'Alessandro', 'Longhi', '1994-10-10', 'Attaccante', '179', 33);
INSERT INTO player (id, name, surname, date_of_birth, role, height, team_id) VALUES (218, 'Gabriele', 'Villa', '1993-06-22', 'Portiere', '184', 33);
INSERT INTO player (id, name, surname, date_of_birth, role, height, team_id) VALUES (219, 'Simone', 'Orsi', '1997-09-14', 'Centrocampista', '178', 34);
INSERT INTO player (id, name, surname, date_of_birth, role, height, team_id) VALUES (220, 'Pietro', 'Fontana', '1995-12-30', 'Difensore', '190', 34);
INSERT INTO player (id, name, surname, date_of_birth, role, height, team_id) VALUES (221, 'Michele', 'Ferretti', '1998-02-11', 'Portiere', '177', 34);
INSERT INTO player (id, name, surname, date_of_birth, role, height, team_id) VALUES (222, 'Davide', 'Guerra', '1996-03-16', 'Attaccante', '182', 34);
INSERT INTO player (id, name, surname, date_of_birth, role, height, team_id) VALUES (223, 'Filippo', 'Leone', '1994-07-07', 'Centrocampista', '175', 34);
INSERT INTO player (id, name, surname, date_of_birth, role, height, team_id) VALUES (224, 'Alberto', 'Corsi', '1992-01-28', 'Difensore', '188', 34);
INSERT INTO player (id, name, surname, date_of_birth, role, height, team_id) VALUES (225, 'Massimo', 'Donati', '1991-08-18', 'Attaccante', '181', 35);
INSERT INTO player (id, name, surname, date_of_birth, role, height, team_id) VALUES (226, 'Claudio', 'Fiore', '1995-11-12', 'Portiere', '176', 35);
INSERT INTO player (id, name, surname, date_of_birth, role, height, team_id) VALUES (227, 'Vincenzo', 'Carli', '1993-05-04', 'Difensore', '184', 35);
INSERT INTO player (id, name, surname, date_of_birth, role, height, team_id) VALUES (228, 'Mirko', 'Landi', '1997-10-09', 'Attaccante', '189', 35);
INSERT INTO player (id, name, surname, date_of_birth, role, height, team_id) VALUES (229, 'Salvatore', 'Greco', '1992-04-01', 'Centrocampista', '183', 35);
INSERT INTO player (id, name, surname, date_of_birth, role, height, team_id) VALUES (230, 'Ivan', 'Pellegrini', '1998-06-26', 'Portiere', '178', 35);
INSERT INTO player (id, name, surname, date_of_birth, role, height, team_id) VALUES (231, 'Giorgio', 'Mancini', '1994-09-05', 'Difensore', '185', 36);
INSERT INTO player (id, name, surname, date_of_birth, role, height, team_id) VALUES (232, 'Matias', 'Riva', '1996-12-17', 'Attaccante', '187', 36);
INSERT INTO player (id, name, surname, date_of_birth, role, height, team_id) VALUES (233, 'Antonio', 'Rossi', '1995-05-15', 'Centrocampista', '180', 36);
INSERT INTO player (id, name, surname, date_of_birth, role, height, team_id) VALUES (234, 'Pietro', 'Bianchi', '1998-10-22', 'Difensore', '175', 36);
INSERT INTO player (id, name, surname, date_of_birth, role, height, team_id) VALUES (235, 'Marco', 'Verdi', '1992-03-08', 'Portiere', '185', 36);
INSERT INTO player (id, name, surname, date_of_birth, role, height, team_id) VALUES (236, 'Luca', 'Marini', '1996-01-17', 'Attaccante', '188', 36);
INSERT INTO player (id, name, surname, date_of_birth, role, height, team_id) VALUES (237, 'Davide', 'Neri', '1997-07-11', 'Centrocampista', '190', 37);
INSERT INTO player (id, name, surname, date_of_birth, role, height, team_id) VALUES (238, 'Federico', 'Conti', '1996-12-01', 'Difensore', '178', 37);
INSERT INTO player (id, name, surname, date_of_birth, role, height, team_id) VALUES (239, 'Stefano', 'Marrone', '1999-01-20', 'Portiere', '176', 37);
INSERT INTO player (id, name, surname, date_of_birth, role, height, team_id) VALUES (240, 'Gabriele', 'Blu', '1994-11-03', 'Attaccante', '181', 37);
INSERT INTO player (id, name, surname, date_of_birth, role, height, team_id) VALUES (241, 'Simone', 'Arancioni', '1994-08-30', 'Centrocampista', '182', 37);
INSERT INTO player (id, name, surname, date_of_birth, role, height, team_id) VALUES (242, 'Francesco', 'Seri', '1993-04-14', 'Difensore', '184', 37);
INSERT INTO player (id, name, surname, date_of_birth, role, height, team_id) VALUES (243, 'Giacomo', 'Celesti', '1991-09-25', 'Portiere', '188', 38);
INSERT INTO player (id, name, surname, date_of_birth, role, height, team_id) VALUES (244, 'Andrea', 'Rosa', '1998-06-19', 'Attaccante', '177', 38);
INSERT INTO player (id, name, surname, date_of_birth, role, height, team_id) VALUES (245, 'Matteo', 'Grigi', '1995-11-05', 'Centrocampista', '179', 38);
INSERT INTO player (id, name, surname, date_of_birth, role, height, team_id) VALUES (246, 'Daniele', 'Ricci', '1998-02-18', 'Difensore', '181', 38);
INSERT INTO player (id, name, surname, date_of_birth, role, height, team_id) VALUES (247, 'Davide', 'Esposito', '1997-06-09', 'Portiere', '183', 38);
INSERT INTO player (id, name, surname, date_of_birth, role, height, team_id) VALUES (248, 'Paolo', 'Gentili', '1996-09-27', 'Attaccante', '186', 38);
INSERT INTO player (id, name, surname, date_of_birth, role, height, team_id) VALUES (249, 'Leonardo', 'Palmieri', '1994-03-13', 'Centrocampista', '181', 39);
INSERT INTO player (id, name, surname, date_of_birth, role, height, team_id) VALUES (250, 'Fabio', 'Moretti', '1997-08-08', 'Difensore', '174', 39);
INSERT INTO player (id, name, surname, date_of_birth, role, height, team_id) VALUES (251, 'Nicola', 'De Luca', '1999-10-22', 'Portiere', '190', 39);
INSERT INTO player (id, name, surname, date_of_birth, role, height, team_id) VALUES (252, 'Emanuele', 'Rinaldi', '1992-07-03', 'Attaccante', '179', 39);
INSERT INTO player (id, name, surname, date_of_birth, role, height, team_id) VALUES (253, 'Marco', 'Testa', '1995-01-15', 'Centrocampista', '176', 39);
INSERT INTO player (id, name, surname, date_of_birth, role, height, team_id) VALUES (254, 'Lorenzo', 'Sanna', '1998-04-25', 'Difensore', '187', 39);
INSERT INTO player (id, name, surname, date_of_birth, role, height, team_id) VALUES (255, 'Alessandro', 'Longhi', '1994-10-10', 'Attaccante', '179', 40);
INSERT INTO player (id, name, surname, date_of_birth, role, height, team_id) VALUES (256, 'Gabriele', 'Villa', '1993-06-22', 'Portiere', '184', 40);
INSERT INTO player (id, name, surname, date_of_birth, role, height, team_id) VALUES (257, 'Simone', 'Orsi', '1997-09-14', 'Centrocampista', '178', 40);
INSERT INTO player (id, name, surname, date_of_birth, role, height, team_id) VALUES (258, 'Pietro', 'Fontana', '1995-12-30', 'Difensore', '190', 40);
INSERT INTO player (id, name, surname, date_of_birth, role, height, team_id) VALUES (259, 'Michele', 'Ferretti', '1998-02-11', 'Portiere', '177', 40);
INSERT INTO player (id, name, surname, date_of_birth, role, height, team_id) VALUES (260, 'Davide', 'Guerra', '1996-03-16', 'Attaccante', '182', 40);
-- =========================
-- ARBITRI
-- =========================
INSERT INTO referee (id, name, surname, referee_code) VALUES (6, 'Pierluigi', 'Collina', 'REF-006');
INSERT INTO referee (id, name, surname, referee_code) VALUES (7, 'Nicola', 'Rizzoli', 'REF-007');
INSERT INTO referee (id, name, surname, referee_code) VALUES (8, 'Daniele', 'Orsato', 'REF-008');
INSERT INTO referee (id, name, surname, referee_code) VALUES (9, 'Gianluca', 'Rocchi', 'REF-009');
INSERT INTO referee (id, name, surname, referee_code) VALUES (10, 'Marco', 'Guida', 'REF-010');
INSERT INTO referee (id, name, surname, referee_code) VALUES (11, 'Fabio', 'Maresca', 'REF-011');
INSERT INTO referee (id, name, surname, referee_code) VALUES (12, 'Maurizio', 'Mariani', 'REF-012');
INSERT INTO referee (id, name, surname, referee_code) VALUES (13, 'Michael', 'Fabbri', 'REF-013');
INSERT INTO referee (id, name, surname, referee_code) VALUES (14, 'Luca', 'Pairetto', 'REF-014');
INSERT INTO referee (id, name, surname, referee_code) VALUES (15, 'Antonio', 'Rapuano', 'REF-015');
INSERT INTO referee (id, name, surname, referee_code) VALUES (16, 'Aurelio', 'Doveri', 'REF-016');
INSERT INTO referee (id, name, surname, referee_code) VALUES (17, 'Giovanni', 'Ayroldi', 'REF-017');

-- =========================
-- PARTITE
-- =========================
INSERT INTO match (id, date_and_time, place, goals_home, goals_away, status, tournament_id, home_team_id, away_team_id, referee_id) VALUES (17, '2026-07-12T18:00:00', 'Stadio Flaminio', 2, 1, 'PLAYED', 5, 11, 12, 6);
INSERT INTO match (id, date_and_time, place, goals_home, goals_away, status, tournament_id, home_team_id, away_team_id, referee_id) VALUES (18, '2026-07-13T20:30:00', 'Campo Lambrate', 1, 1, 'PLAYED', 5, 13, 14, 7);
INSERT INTO match (id, date_and_time, place, goals_home, goals_away, status, tournament_id, home_team_id, away_team_id, referee_id) VALUES (19, '2026-07-14T19:00:00', 'Centro Sportivo Olimpico', 0, 3, 'PLAYED', 5, 15, 16, 8);
INSERT INTO match (id, date_and_time, place, goals_home, goals_away, status, tournament_id, home_team_id, away_team_id, referee_id) VALUES (20, '2026-07-19T18:30:00', 'Stadio Flaminio', NULL, NULL, 'SCHEDULED', 5, 11, 13, 9);
INSERT INTO match (id, date_and_time, place, goals_home, goals_away, status, tournament_id, home_team_id, away_team_id, referee_id) VALUES (21, '2026-07-20T21:00:00', 'Campo Testaccio', NULL, NULL, 'SCHEDULED', 5, 12, 14, 10);
INSERT INTO match (id, date_and_time, place, goals_home, goals_away, status, tournament_id, home_team_id, away_team_id, referee_id) VALUES (22, '2026-07-21T19:30:00', 'Centro Sportivo Prati', NULL, NULL, 'SCHEDULED', 5, 15, 11, 11);
INSERT INTO match (id, date_and_time, place, goals_home, goals_away, status, tournament_id, home_team_id, away_team_id, referee_id) VALUES (23, '2026-08-02T18:00:00', 'Campo Garbatella', 1, 0, 'PLAYED', 6, 17, 18, 12);
INSERT INTO match (id, date_and_time, place, goals_home, goals_away, status, tournament_id, home_team_id, away_team_id, referee_id) VALUES (24, '2026-08-03T20:00:00', 'Stadio Renato Curi', 2, 2, 'PLAYED', 6, 19, 20, 13);
INSERT INTO match (id, date_and_time, place, goals_home, goals_away, status, tournament_id, home_team_id, away_team_id, referee_id) VALUES (25, '2026-08-04T18:30:00', 'Stadio Olimpico', 3, 1, 'PLAYED', 6, 21, 22, 14);
INSERT INTO match (id, date_and_time, place, goals_home, goals_away, status, tournament_id, home_team_id, away_team_id, referee_id) VALUES (26, '2026-08-10T19:00:00', 'Campo Garbatella', NULL, NULL, 'SCHEDULED', 6, 17, 19, 15);
INSERT INTO match (id, date_and_time, place, goals_home, goals_away, status, tournament_id, home_team_id, away_team_id, referee_id) VALUES (27, '2026-08-11T21:00:00', 'Centro Sportivo Roma Nord', NULL, NULL, 'SCHEDULED', 6, 18, 21, 16);
INSERT INTO match (id, date_and_time, place, goals_home, goals_away, status, tournament_id, home_team_id, away_team_id, referee_id) VALUES (28, '2026-08-12T20:00:00', 'Arena Civica', NULL, NULL, 'SCHEDULED', 6, 20, 22, 17);
INSERT INTO match (id, date_and_time, place, goals_home, goals_away, status, tournament_id, home_team_id, away_team_id, referee_id) VALUES (29, '2026-09-05T18:00:00', 'Centro Sportivo Navigli', 4, 2, 'PLAYED', 7, 23, 24, 6);
INSERT INTO match (id, date_and_time, place, goals_home, goals_away, status, tournament_id, home_team_id, away_team_id, referee_id) VALUES (30, '2026-09-06T18:30:00', 'Campo EUR', 1, 1, 'PLAYED', 7, 25, 26, 7);
INSERT INTO match (id, date_and_time, place, goals_home, goals_away, status, tournament_id, home_team_id, away_team_id, referee_id) VALUES (31, '2026-09-07T20:30:00', 'Campo Testaccio', 2, 0, 'PLAYED', 7, 27, 28, 8);
INSERT INTO match (id, date_and_time, place, goals_home, goals_away, status, tournament_id, home_team_id, away_team_id, referee_id) VALUES (32, '2026-09-13T19:00:00', 'Centro Sportivo Navigli', NULL, NULL, 'SCHEDULED', 7, 23, 25, 9);
INSERT INTO match (id, date_and_time, place, goals_home, goals_away, status, tournament_id, home_team_id, away_team_id, referee_id) VALUES (33, '2026-09-14T21:00:00', 'Campo EUR', NULL, NULL, 'SCHEDULED', 7, 24, 27, 10);
INSERT INTO match (id, date_and_time, place, goals_home, goals_away, status, tournament_id, home_team_id, away_team_id, referee_id) VALUES (34, '2026-09-15T20:00:00', 'Campo Testaccio', NULL, NULL, 'SCHEDULED', 7, 26, 28, 11);
INSERT INTO match (id, date_and_time, place, goals_home, goals_away, status, tournament_id, home_team_id, away_team_id, referee_id) VALUES (35, '2026-10-01T18:30:00', 'Arena Brera', 0, 0, 'PLAYED', 8, 29, 30, 12);
INSERT INTO match (id, date_and_time, place, goals_home, goals_away, status, tournament_id, home_team_id, away_team_id, referee_id) VALUES (36, '2026-10-02T20:00:00', 'Stadio dei Marmi', 2, 3, 'PLAYED', 8, 31, 32, 13);
INSERT INTO match (id, date_and_time, place, goals_home, goals_away, status, tournament_id, home_team_id, away_team_id, referee_id) VALUES (37, '2026-10-03T19:00:00', 'Campo Perugia Street', 1, 2, 'PLAYED', 8, 33, 34, 14);
INSERT INTO match (id, date_and_time, place, goals_home, goals_away, status, tournament_id, home_team_id, away_team_id, referee_id) VALUES (38, '2026-10-09T18:00:00', 'Arena Brera', NULL, NULL, 'SCHEDULED', 8, 29, 31, 15);
INSERT INTO match (id, date_and_time, place, goals_home, goals_away, status, tournament_id, home_team_id, away_team_id, referee_id) VALUES (39, '2026-10-10T20:30:00', 'Stadio dei Marmi', NULL, NULL, 'SCHEDULED', 8, 30, 33, 16);
INSERT INTO match (id, date_and_time, place, goals_home, goals_away, status, tournament_id, home_team_id, away_team_id, referee_id) VALUES (40, '2026-10-11T19:30:00', 'Campo Perugia Street', NULL, NULL, 'SCHEDULED', 8, 32, 34, 17);
INSERT INTO match (id, date_and_time, place, goals_home, goals_away, status, tournament_id, home_team_id, away_team_id, referee_id) VALUES (41, '2026-11-04T18:00:00', 'Centro Sportivo Roma Nord', 3, 2, 'PLAYED', 9, 35, 36, 6);
INSERT INTO match (id, date_and_time, place, goals_home, goals_away, status, tournament_id, home_team_id, away_team_id, referee_id) VALUES (42, '2026-11-05T20:00:00', 'Centro Sportivo Olimpico', 1, 0, 'PLAYED', 9, 37, 38, 7);
INSERT INTO match (id, date_and_time, place, goals_home, goals_away, status, tournament_id, home_team_id, away_team_id, referee_id) VALUES (43, '2026-11-06T19:00:00', 'Campo Bovisa', 2, 2, 'PLAYED', 9, 39, 40, 8);
INSERT INTO match (id, date_and_time, place, goals_home, goals_away, status, tournament_id, home_team_id, away_team_id, referee_id) VALUES (44, '2026-11-12T18:30:00', 'Centro Sportivo Roma Nord', NULL, NULL, 'SCHEDULED', 9, 35, 37, 9);
INSERT INTO match (id, date_and_time, place, goals_home, goals_away, status, tournament_id, home_team_id, away_team_id, referee_id) VALUES (45, '2026-11-13T20:30:00', 'Centro Sportivo Olimpico', NULL, NULL, 'SCHEDULED', 9, 36, 39, 10);
INSERT INTO match (id, date_and_time, place, goals_home, goals_away, status, tournament_id, home_team_id, away_team_id, referee_id) VALUES (46, '2026-11-14T19:30:00', 'Campo Bovisa', NULL, NULL, 'SCHEDULED', 9, 38, 40, 11);

-- =========================
-- SEQUENZE
-- =========================
ALTER SEQUENCE tournament_seq RESTART WITH 100;
ALTER SEQUENCE team_seq RESTART WITH 100;
ALTER SEQUENCE player_seq RESTART WITH 300;
ALTER SEQUENCE referee_seq RESTART WITH 100;
ALTER SEQUENCE match_seq RESTART WITH 100;